{
  "model": "SEDIS",
  "params": {
    "population": 10000,
    "initial_exposed": 0,
    "initial_doubtful": 0,
    "initial_infected": 10,
    "alpha": 0.25,
    "beta1": 0.1,
    "beta2": 0.15,
    "gamma": 0.1,
    "mu1": 0.04,
    "mu2": 0.05,
    "mu3": 0.05,
    "t_end": 200.0,
    "t_steps": 1000
  },
  "n_points": 100,
  "time": [
    0.0,
    2.0202020202020203,
    4.040404040404041,
    6.0606060606060606,
    8.080808080808081,
    10.101010101010102,
    12.121212121212121,
    14.141414141414142,
    16.161616161616163,
    18.181818181818183,
    20.202020202020204,
    22.222222222222225,
    24.242424242424242,
    26.262626262626263,
    28.282828282828284,
    30.303030303030305,
    32.323232323232325,
    34.343434343434346,
    36.36363636363637,
    38.38383838383839,
    40.40404040404041,
    42.42424242424243,
    44.44444444444445,
    46.46464646464647,
    48.484848484848484,
    50.505050505050505,
    52.525252525252526,
    54.54545454545455,
    56.56565656565657,
    58.58585858585859,
    60.60606060606061,
    62.62626262626263,
    64.64646464646465,
    66.66666666666667,
    68.68686868686869,
    70.70707070707071,
    72.72727272727273,
    74.74747474747475,
    76.76767676767678,
    78.7878787878788,
    80.80808080808082,
    82.82828282828284,
    84.84848484848486,
    86.86868686868688,
    88.8888888888889,
    90.90909090909092,
    92.92929292929294,
    94.94949494949496,
    96.96969696969697,
    98.98989898989899,
    101.01010101010101,
    103.03030303030303,
    105.05050505050505,
    107.07070707070707,
    109.0909090909091,
    111.11111111111111,
    113.13131313131314,
    115.15151515151516,
    117.17171717171718,
    119.1919191919192,
    121.21212121212122,
    123.23232323232324,
    125.25252525252526,
    127.27272727272728,
    129.2929292929293,
    131.31313131313132,
    133.33333333333334,
    135.35353535353536,
    137.37373737373738,
    139.3939393939394,
    141.41414141414143,
    143.43434343434345,
    145.45454545454547,
    147.4747474747475,
    149.4949494949495,
    151.51515151515153,
    153.53535353535355,
    155.55555555555557,
    157.5757575757576,
    159.5959595959596,
    161.61616161616163,
    163.63636363636365,
    165.65656565656568,
    167.6767676767677,
    169.69696969696972,
    171.71717171717174,
    173.73737373737376,
    175.75757575757578,
    177.7777777777778,
    179.79797979797982,
    181.81818181818184,
    183.83838383838386,
    185.85858585858588,
    187.8787878787879,
    189.89898989898992,
    191.91919191919195,
    193.93939393939394,
    195.95959595959596,
    197.97979797979798,
    200.0
  ],
  "compartments": {
    "S": [
      9990.0,
      9986.253414121671,
      9982.72292802651,
      9979.041912508877,
      9974.973752886024,
      9970.34065737451,
      9964.981992783945,
      9958.73884704123,
      9951.435671214027,
      9942.881654094059,
      9932.850758995428,
      9921.084936940013,
      9907.294013725463,
      9891.131772879347,
      9872.192642312406,
      9850.007750568051,
      9824.070524088573,
      9793.77979033278,
      9758.424154435344,
      9717.18253558405,
      9669.172699713426,
      9613.446737511267,
      9548.88696155968,
      9474.19850797431,
      9388.050831670904,
      9289.178615936853,
      9176.128483505132,
      9047.23784905461,
      8901.043878603296,
      8736.54622592358,
      8552.633205882428,
      8348.106143010962,
      8122.824201789871,
      7877.433387827193,
      7612.531944811905,
      7329.485523652411,
      7031.533066941163,
      6721.8669426047145,
      6403.895503526558,
      6082.9810613257805,
      5763.992543033208,
      5451.085144736723,
      5149.649296609263,
      4863.711450322583,
      4595.8411137522635,
      4349.17592127376,
      4124.983427050102,
      3923.236062127329,
      3744.3571888796832,
      3587.166973819826,
      3449.9251945678157,
      3331.5312979521323,
      3229.8826367969396,
      3142.8077768721632,
      3068.9692383796855,
      3006.527068336395,
      2953.5239734690217,
      2908.939676298308,
      2871.6197032117157,
      2840.146906531799,
      2813.60318438819,
      2791.4630061974426,
      2773.0319681221185,
      2757.473826779515,
      2744.3138457088685,
      2733.359780860326,
      2724.3066025633193,
      2716.7460687527023,
      2710.2466992396394,
      2704.7533425056204,
      2700.232254632771,
      2696.554384838654,
      2693.5009814848236,
      2690.791174374687,
      2688.4271062458024,
      2686.514375347722,
      2685.039992821632,
      2683.8779318629586,
      2682.7910873814535,
      2681.717899594941,
      2680.8587130035976,
      2680.2693626665564,
      2679.8686585427645,
      2679.439614349627,
      2678.933696757048,
      2678.548299927019,
      2678.325362167685,
      2678.1925607805565,
      2677.9812612554197,
      2677.739835996102,
      2677.5822337953978,
      2677.520511178811,
      2677.4868746083284,
      2677.3654072369886,
      2677.227629739157,
      2677.1603767875004,
      2677.1741217323715,
      2677.2081326619927,
      2677.1554356221595,
      2677.09831242837
    ],
    "E": [
      0.0,
      3.708866030184171,
      5.859414245962645,
      7.427512832475068,
      8.875755559798714,
      10.42477001242977,
      12.20129858829756,
      14.27969197722756,
      16.734449709297962,
      19.619918407761215,
      23.01991529259215,
      27.02297391646637,
      31.706857046957264,
      37.185526403105285,
      43.615561215300055,
      51.1865076442279,
      59.98019195132346,
      70.15148437816553,
      81.98047714476186,
      95.86581126363377,
      112.03841271999573,
      130.56035337174598,
      151.79378479510544,
      176.43519180251573,
      204.89244574291754,
      236.86413605904005,
      272.722472641048,
      313.6554522917844,
      360.0367197699137,
      410.4975042907224,
      465.2304754547663,
      526.0535735246199,
      591.6353030225283,
      659.4156277151129,
      730.2045038556982,
      804.4876563484119,
      877.3601577365722,
      947.9777103358246,
      1018.0417912322488,
      1081.9221889494013,
      1138.1854084145089,
      1189.8893083236746,
      1231.945924119348,
      1264.1576130990613,
      1290.8548597637794,
      1307.9952735928864,
      1317.4298862708415,
      1323.4159713857218,
      1322.8552827294275,
      1318.626622902741,
      1313.7509834499979,
      1305.680166269781,
      1296.8285183047153,
      1289.289915673753,
      1280.6867202831154,
      1272.1003624193154,
      1265.7415044971203,
      1259.4982912416683,
      1253.011311302038,
      1248.0943061690537,
      1244.4805797792542,
      1240.6994408693704,
      1236.816808568656,
      1234.2074194495929,
      1232.669650820702,
      1230.9135047463885,
      1228.691390828489,
      1226.7207426315342,
      1226.1975326443237,
      1226.092398247965,
      1225.3245087758062,
      1223.7765248165786,
      1222.270226772798,
      1222.3550558834431,
      1223.3157907593218,
      1223.4087272647482,
      1222.1556286798934,
      1220.348442670113,
      1220.0293574895757,
      1221.4965491687738,
      1222.2773631286127,
      1221.4839207386765,
      1219.786183010504,
      1219.3983237660718,
      1220.6986998179373,
      1221.3533470600792,
      1220.7791431134553,
      1219.6908153790014,
      1219.8994253303883,
      1220.7944490462105,
      1221.0405605037113,
      1220.4550600166835,
      1219.760250186037,
      1220.2264897643813,
      1221.0212453599643,
      1221.1438493724104,
      1220.456673602966,
      1219.6271323864887,
      1219.8463994141098,
      1220.175727710944
    ],